"Name","Transparent Color","Transparent Color(Hex)"
"move","-1","FFFFFFFF"
"Copy_move","-1","FFFFFFFF"
"Copy_Copy_move","-1","FFFFFFFF"
"Copy_Copy_Copy_move","-1","FFFFFFFF"
"Copy_Copy_Copy_Copy_move","-1","FFFFFFFF"
"Copy_Copy_Copy_Copy_Copy_move","-1","FFFFFFFF"
"Copy_Copy_Copy_Copy_Copy_Copy_move","-1","FFFFFFFF"
"Copy_Copy_Copy_Copy_Copy_Copy_Copy_move","-1","FFFFFFFF"
"Copy_Copy_Copy_Copy_Copy_Copy_Copy_Copy_move","-1","FFFFFFFF"
"Copy_Copy_Copy_Copy_Copy_Copy_Copy_Copy_Copy_move","-1","FFFFFFFF"
"Copy_Copy_Copy_Copy_Copy_Copy_Copy_Copy_Copy_Copy_move","-1","FFFFFFFF"
